Model,RMSE,Time
Lasso,0.16785002039924452,14.913708
Random Forest,0.1508338627330306,370.388125
