Model,RMSE,Time
Lasso,0.17507,2.3504166677594184e-07
Random Forest,0.14293,3.572192499414086e-07
