Model,RMSE,Time
ElasticNetCV,62093.33902,0.44302383391186595
