Model,RMSE,Time
ElasticNetCV,0.13929,7.8093732092529535
XGBoost_From_Note,0.13375,7.8093732092529535
