Model,RMSE,Time
Lasso,0.17116,0.3158827922306955
Random Forest,0.14446,0.21588025009259582
