Model,RMSE
Lasso,0.16785002039924452
Random Forest,0.15083386273303062
