Model,RMSE,Time
Lasso,0.17498,1.1864959169179201
Random Forest,0.14404,0.38470262521877885
