Model,RMSE,Time
Lasso,0.16785,14.864833
Random Forest,0.15083,365.044333
