Model,RMSE,Time
Lasso,0.17507,2.7814412489533427e-07
Random Forest,0.14277,1.6093529108911753e-07
