Model,RMSE,Time
Lasso,0.16924,0.2878806251101196
Random Forest,0.14292,0.1978699159808457
ElasticNet,0.20178,0.1587674580514431
