Model,RMSE,Time
Lasso,0.16924,0.2930233748629689
Random Forest,0.14292,0.1857585422694683
ElasticNet,0.20178,0.14883349975571036
