Model,RMSE,Time
ElasticNetCV,0.13934,8.257042916957289
XGBoost_From_Note,0.13805,8.257042916957289
