Model,RMSE,Time
ElasticNetCV,31001.53666,0.3398779579438269
