Model,RMSE,Time
Lasso,0.14589,0.23214749991893768
Random Forest,0.14545,0.18477125000208616
ElasticNet,0.17774,0.14922583429142833
