Model,RMSE,Time
Lasso,0.14589,0.2322906251065433
Random Forest,0.14545,0.19333429215475917
ElasticNet,0.17774,0.15688662510365248
