Model,RMSE
Lasso,0.14553637763621935
Random Forest,0.15498119444261696
