Model,RMSE,Time
Lasso,0.14553637763621935,14.973292
Random Forest,0.154981194442617,351.239958
