Model,RMSE,Time
Lasso,0.14897,2.252402091398835e-07
Random Forest,0.14503,1.599817080423236e-07
