Model,RMSE,Time
Lasso,0.14897,2.2444425011053682e-07
Random Forest,0.14461,3.6182512529194357e-07
