Model,RMSE,Time
Lasso,0.14685,0.30537679186090827
Random Forest,0.14603,0.2175286659039557
