Model,RMSE,Time
Lasso,0.14904,1.1810902920551598
Random Forest,0.14482,0.3836908331140876
