Folder,Lasso RMSE,Random Forest RMSE,Meets Target
fold2,0.1344,0.12882,False
fold5,0.12408,0.12112,True
fold4,0.15847,0.13247,False
fold3,0.13234,0.12501,False
fold8,0.14556,0.13878,False
fold6,0.17498,0.14404,False
fold1,0.16484,0.12912,False
fold7,0.14904,0.14482,False
fold9,0.16896,0.14742,False
fold10,0.13874,0.13569,False
