Folder,Meets Target,ElasticNetCV RMSE
fold1,False,62420.3136
fold10,False,30438.21153
fold2,False,31485.68766
fold3,False,32510.33837
fold4,False,62347.42906
fold5,False,30623.14803
fold6,False,62093.33902
fold7,False,31001.53666
fold8,False,32538.17283
fold9,False,62710.36982
