Model,RMSE
Lasso,0.1413502149501418
Random Forest,0.1397465157322365
