Folder,Lasso RMSE,Random Forest RMSE,Meets Target
fold2,0.13429,0.13061,False
fold5,0.12422,0.12294,True
fold4,0.15849,0.13563,False
fold3,0.13243,0.12676,False
fold8,0.14559,0.14334,False
fold6,0.17507,0.14277,False
fold1,0.16486,0.12873,False
fold7,0.14897,0.14503,False
fold9,0.16901,0.14874,False
fold10,0.13889,0.13817,False
