Folder,Lasso RMSE,Random Forest RMSE,Meets Target
fold2,0.1309,0.12956,False
fold5,0.12287,0.122,True
fold4,0.1528,0.13296,False
fold3,0.12709,0.12508,False
fold8,0.14158,0.14038,False
fold6,0.17116,0.14446,False
fold1,0.15981,0.13032,False
fold7,0.14685,0.14603,False
fold9,0.16435,0.14709,False
fold10,0.13724,0.13647,False
