Model,RMSE,Time
Lasso,0.15981,0.3290001251734793
Random Forest,0.13032,0.21511962497606874
