Model,RMSE
Lasso,0.16045145321117027
Random Forest,0.1398805754156692
