Model,RMSE,Time
Lasso,0.16486,2.4073474993929266e-07
Random Forest,0.12853,3.581867921166122e-07
