Model,RMSE,Time
Lasso,0.16484,1.2464383752085268
Random Forest,0.12912,0.38231058372184634
