Model,RMSE
Lasso,0.16045145321117027
Random Forest,0.13988057541566923
