Model,RMSE,Time
Lasso,0.15687,0.3119745827279985
Random Forest,0.12976,0.19371974980458617
ElasticNet,0.19165,0.15637708269059658
