Model,RMSE,Time
Lasso,0.15687,0.3105092500336468
Random Forest,0.12976,0.19522637501358986
ElasticNet,0.19165,0.15350770810618997
