Model,RMSE,Time
Lasso,0.16486,2.3983983322978017e-07
Random Forest,0.12873,1.6354050021618606e-07
