Model,RMSE,Time
Lasso,0.16045145321117027,14.998292
Random Forest,0.1398805754156692,383.384375
