Model,RMSE,Time
ElasticNetCV,0.12472,8.365131665952504
XGBoost_From_Note,0.11904,8.365131665952504
