Model,RMSE,Time
Lasso,0.16045,15.295917
Random Forest,0.13988,393.580208
