fold,num_train_samples,num_test_samples,weighted_mae,unique_store_dept_pairs
fold_1,164115,26559,2289.8294376122312,3206
fold_10,397841,23729,2506.6800058052604,3326
