Model,RMSE,Time
ElasticNetCV,0.12045,6.194344374816865
XGBoost_From_Note,0.12407,6.194344374816865
