Model,RMSE,Time
Lasso,0.12953,0.22876974986866117
Random Forest,0.13047,0.20570162497460842
ElasticNet,0.16477,0.16173500008881092
