Model,RMSE
Lasso,0.14008421276589164
Random Forest,0.14040109094491496
