Model,RMSE,Time
Lasso,0.14008421276589164,15.387
Random Forest,0.14040109094491496,392.777125
