Model,RMSE,Time
ElasticNetCV,31485.68766,0.3443163330666721
