Model,RMSE,Time
Lasso,0.14008,15.532791
Random Forest,0.1404,367.866917
