Model,RMSE,Time
Lasso,0.1344,1.1941745840013027
Random Forest,0.12882,0.3790945000946522
