Model,RMSE,Time
Lasso,0.13429,2.734988331794739e-07
Random Forest,0.13061,1.691362918354571e-07
