Model,RMSE,Time
Lasso,0.13429,2.5827545812353493e-07
Random Forest,0.12872,3.869700422510505e-07
