Model,RMSE,Time
Lasso,0.1309,0.321125625167042
Random Forest,0.12956,0.23069350002333522
