Model,RMSE,Time
Lasso,0.12953,0.2300483752042055
Random Forest,0.13047,0.2066519996151328
ElasticNet,0.16477,0.15891687525436282
