Model,RMSE,Time
Lasso,0.12422,2.432597908191383e-07
Random Forest,0.12211,3.709597922861576e-07
