Model,RMSE,Time
Lasso,0.12422,2.389694582670927e-07
Random Forest,0.12294,1.6577249998226763e-07
