Model,RMSE,Time
Lasso,0.13213,15.278375
Random Forest,0.12932,329.42025
