Model,RMSE
Lasso,0.13213184190817723
Random Forest,0.1293172297493327
