Model,RMSE,Time
Lasso,0.12287,0.3120845416560769
Random Forest,0.122,0.20990629168227315
