Model,RMSE,Time
Lasso,0.12408,1.1925789997912943
Random Forest,0.12112,0.3696266249753535
