Model,RMSE,Time
ElasticNetCV,0.1159,6.1046338328160346
XGBoost_From_Note,0.11285,6.1046338328160346
