Model,RMSE,Time
Lasso,0.13213184190817723,13.000709
Random Forest,0.12931722974933277,350.720292
