Model,RMSE,Time
ElasticNetCV,30623.14803,0.3721067081205547
