Model,RMSE
Lasso,0.13213184190817723
Random Forest,0.12931722974933266
