Model,RMSE,Time
Lasso,0.12197,0.23544008284807205
Random Forest,0.12168,0.19726775027811527
ElasticNet,0.14874,0.15097249997779727
