Model,RMSE,Time
Lasso,0.12197,0.24065487505868077
Random Forest,0.12168,0.19756620796397328
ElasticNet,0.14874,0.1489941249601543
