Model,RMSE,Time
ElasticNetCV,0.13138,7.387383666820824
XGBoost_From_Note,0.12987,7.387383666820824
