Model,RMSE,Time
Lasso,0.13511,15.255041
Random Forest,0.14489,368.93025
