Model,RMSE,Time
Lasso,0.14556,1.2188332499936223
Random Forest,0.13878,0.3941351673565805
