Model,RMSE
Lasso,0.13510921276615226
Random Forest,0.14489100747346936
