Model,RMSE,Time
Lasso,0.14041,0.3144682915881276
Random Forest,0.14,0.1965433331206441
ElasticNet,0.16839,0.151036333758384
