Model,RMSE,Time
Lasso,0.14158,0.3164688339456916
Random Forest,0.14038,0.21737508289515972
