Model,RMSE,Time
Lasso,0.14041,0.3172077089548111
Random Forest,0.14,0.1963366656564176
ElasticNet,0.16839,0.1548696248792112
