Model,RMSE,Time
Lasso,0.14559,2.3090541688725353e-07
Random Forest,0.14334,1.5865099988877773e-07
