Model,RMSE,Time
Lasso,0.14559,2.3242766689509153e-07
Random Forest,0.13984,3.826687918044627e-07
