Model,RMSE,Time
ElasticNetCV,32538.17283,0.46599287493154407
