Model,RMSE,Time
Lasso,0.13510921276615226,15.52275
Random Forest,0.14489100747346936,388.131541
