Model,RMSE,Time
Lasso,0.12547,0.33344920771196485
Random Forest,0.12678,0.1969780409708619
ElasticNet,0.15564,0.1512424168176949
