Model,RMSE,Time
Lasso,0.13243,2.729519996792078e-07
Random Forest,0.12449,3.6971433321014044e-07
