Model,RMSE
Lasso,0.13904078961513694
Random Forest,0.13351256965819394
