Model,RMSE,Time
Lasso,0.13243,2.3319141706451775e-07
Random Forest,0.12676,1.7502537509426474e-07
