Model,RMSE,Time
ElasticNetCV,0.11625,7.820325834210962
XGBoost_From_Note,0.11388,7.820325834210962
