Model,RMSE,Time
Lasso,0.12547,0.32397266617044806
Random Forest,0.12678,0.19430770818144083
ElasticNet,0.15564,0.17595550045371056
