Model,RMSE
Lasso,0.13904078961513694
Random Forest,0.1335125696581939
