Model,RMSE,Time
Lasso,0.12709,0.33668149961158633
Random Forest,0.12508,0.21438595792278647
