Model,RMSE,Time
Lasso,0.13904078961513694,15.645167
Random Forest,0.13351256965819389,353.350541
