Model,RMSE,Time
ElasticNetCV,32510.33837,0.47668670816347003
