Model,RMSE,Time
Lasso,0.13234,1.2152619576081634
Random Forest,0.12501,0.3994047502055764
