Model,RMSE,Time
Lasso,0.13904,15.357791
Random Forest,0.13351,365.632875
