Model,RMSE,Time
Lasso,0.15849,2.2909795865416528e-07
Random Forest,0.13333,3.631488340906799e-07
