Model,RMSE,Time
Lasso,0.1506,0.2645792500115931
Random Forest,0.13298,0.1980482917279005
ElasticNet,0.18886,0.15069324988871813
