Model,RMSE,Time
Lasso,0.15847,1.1845157081261277
Random Forest,0.13247,0.38557570800185204
