Model,RMSE,Time
Lasso,0.16279826104260608,15.23725
Random Forest,0.1401575081717897,383.886167
