Model,RMSE,Time
Lasso,0.1628,14.521875
Random Forest,0.14016,363.719959
