Model,RMSE,Time
Lasso,0.1506,0.23854800034314394
Random Forest,0.13298,0.19703925028443336
ElasticNet,0.18886,0.15443733287975192
