Model,RMSE,Time
ElasticNetCV,62347.42906,0.32971095805987716
