Model,RMSE,Time
Lasso,0.15849,2.2881637513637541e-07
Random Forest,0.13563,1.5461941622197628e-07
