Model,RMSE,Time
Lasso,0.1528,0.31081000017002225
Random Forest,0.13296,0.21452574990689754
