Model,RMSE
Lasso,0.16279826104260608
Random Forest,0.1401575081717897
