Model,RMSE,Time
ElasticNetCV,0.12428,8.011044500395656
XGBoost_From_Note,0.11759,8.011044500395656
