fold,num_train_samples,num_test_samples,weighted_mae
fold_1,164115,26559,1918.418757403701
fold_10,397841,23729,1329.6754498924377
fold_2,190674,23543,1353.8890657376962
fold_3,214217,26386,1377.2249459536745
fold_4,240603,26581,1517.9559966541008
fold_5,267184,26948,2290.464028556426
fold_6,294132,23796,1904.5509606723754
fold_7,317928,26739,1608.1682813788298
fold_8,344667,26575,1349.7782007527996
fold_9,371242,26599,1334.4826301793832
