fold,num_train_samples,num_test_samples,weighted_mae
fold_1,164115,26559,1941.4238849156243
fold_10,397841,23729,1400.4884012690452
fold_2,190674,23543,126035401198.26093
fold_3,214217,26386,4639140313668.482
