fold,num_train_samples,num_test_samples,weighted_mae
fold_1,164115,26559,14128.068816930825
fold_10,397841,23729,14718.186527414024
