Model,RMSE,Time
Lasso,0.16241942562869907,13.603167
Random Forest,0.14989407686183848,386.784042
