Model,RMSE,Time
Lasso,0.16901,2.205834169872105e-07
Random Forest,0.14709,3.6303120804950593e-07
