Model,RMSE,Time
Lasso,0.16273,0.24057391565293074
Random Forest,0.14993,0.18677595909684896
ElasticNet,0.19811,0.14745966624468565
