Model,RMSE,Time
Lasso,0.16435,0.3064827909693122
Random Forest,0.14709,0.21637108316645026
