Model,RMSE,Time
Lasso,0.16901,2.2942725010216235e-07
Random Forest,0.14874,1.600164589472115e-07
