Model,RMSE,Time
ElasticNetCV,0.1381,7.880478708073497
XGBoost_From_Note,0.13892,7.880478708073497
