Model,RMSE,Time
Lasso,0.16273,0.2327594170346856
Random Forest,0.14993,0.1858702921308577
ElasticNet,0.19811,0.15143495798110962
