Model,RMSE,Time
Lasso,0.16896,1.1532200830988586
Random Forest,0.14742,0.3756470000371337
