Model,RMSE,Time
ElasticNetCV,62710.36982,0.3594241673126817
