Model,RMSE
Lasso,0.16241942562869907
Random Forest,0.1498940768618385
