Model,RMSE
Lasso,0.16241942562869907
Random Forest,0.14989407686183845
