Model,RMSE,Time
Lasso,0.16242,14.451708
Random Forest,0.14989,370.102375
