Model,RMSE,Time
ElasticNetCV,30438.21153,0.3582804170437157
