Model,RMSE
Lasso,0.14135021495014188
Random Forest,0.1397465157322366
