Model,RMSE,Time
Lasso,0.13874,1.194228167179972
Random Forest,0.13569,0.3852200419642031
