Model,RMSE,Time
Lasso,0.14135,15.310625
Random Forest,0.13975,363.363334
