Model,RMSE
Lasso,0.14135021495014188
Random Forest,0.13974651573223654
