Model,RMSE,Time
Lasso,0.13889,2.3606679122895002e-07
Random Forest,0.13817,1.6037549963220955e-07
