Model,RMSE,Time
ElasticNetCV,0.13081,7.3632627497427166
XGBoost_From_Note,0.12423,7.3632627497427166
