Model,RMSE,Time
Lasso,0.13889,2.2502770833671092e-07
Random Forest,0.13667,3.7224920792505145e-07
