Model,RMSE,Time
Lasso,0.1368,0.22689133416861296
Random Forest,0.13658,0.19550791662186384
ElasticNet,0.16306,0.1659838343039155
