Model,RMSE,Time
Lasso,0.1368,0.22392166638746858
Random Forest,0.13658,0.19058483326807618
ElasticNet,0.16306,0.15192508278414607
