Model,RMSE,Time
Lasso,0.13724,0.32189666712656617
Random Forest,0.13647,0.2060729581862688
