Model,RMSE,Time
Lasso,0.14135021495014188,15.060584
Random Forest,0.1397465157322365,367.955875
