fold,num_train_samples,num_test_samples,weighted_mae
fold_1,164115,26559,2323.413342682585
fold_10,397841,23729,2205.577749014812
