fold,num_train_samples,num_test_samples,weighted_mae
fold_1,164115,26559,7656.153579173311
fold_10,397841,23729,7835.237755542037
